<?xml version="1.0"?>
<?xml-stylesheet type="text/xsl" href="configuration.xsl"?>

<!-- Put site-specific property overrides in this file. -->

<configuration>
    <property>
      <name>dfs.replication</name>
      <value>1</value>
    </property>
    <property>
      <name>dfs.permissions</name>
      <value>false</value>
    </property>
    <property>
      <name>dfs.http.address</name>
      <value>Abhijits-MacBook-Pro.local:60070</value>
    </property>
    <property>
      <name>dfs.datanode.http.address</name>
      <value>Abhijits-MacBook-Pro.local:60075</value>
    </property>
    <property>
      <name>dfs.secondary.http.address</name>
      <value>Abhijits-MacBook-Pro.local:60090</value>
    </property>
    <property>
      <name>dfs.backup.http.address</name>
      <value>Abhijits-MacBook-Pro.local:60105</value>
    </property>
    <property>
      <name>dfs.datanode.address</name>
      <value>Abhijits-MacBook-Pro.local:60010</value>
    </property>
    <property>
      <name>dfs.datanode.ipc.address</name>
      <value>Abhijits-MacBook-Pro.local:60020</value>
    </property>
    <property>
      <name>dfs.backup.address</name>
      <value>Abhijits-MacBook-Pro.local:60010</value>
    </property>
    <property>
      <name>dfs.datanode.ipc.address</name>
      <value>Abhijits-MacBook-Pro.local:60020</value>
    </property>
    <property>
      <name>hadoop.tmp.dir</name>
      <value>/tmp/hadoop</value>
    </property>
    <!-- Derived based on hadoop.tmp.dir
    <property>
      <name>dfs.name.dir</name>
      <value>/tmp/hadoop/dfs/name</value>
    </property>
    <property>
      <name>dfs.data.dir</name>
      <value>/tmp/hadoop/dfs/data</value>
    </property>
    -->
</configuration>
