<?xml version="1.0"?>
<?xml-stylesheet type="text/xsl" href="configuration.xsl"?>

<!-- Put site-specific property overrides in this file. -->

<configuration>
    <property>
      <name>mapred.job.tracker</name>
      <value>Abhijits-MacBook-Pro.local:9001</value>
    </property>
    <property>
      <name>mapred.local.dir</name>
      <value>/tmp/hadoop/mapred</value>
    </property>
    <property>
      <name>mapred.job.tracker.http.address</name>
      <value>Abhijits-MacBook-Pro.local:60030</value>
    </property>
    <property>
      <name>mapred.task.tracker.http.address</name>
      <value>Abhijits-MacBook-Pro.local:60060</value>
    </property>
    <property>
      <name>mapred.map.max.attempts</name>
      <value>1</value>
    </property>
    <property>
      <name>mapred.reduce.max.attempts</name>
      <value>1</value>
    </property>
</configuration>
